Name,Date of Birth,Home Address,Email Address,Phone Number,Job Title,Hire Date,Salary,Department
John Conner,1967-01-30,"Unit 1798 Box 5587, DPO AP 49194, U1M 2T8",brettgardner@morris.com,4589632587,"Horticulturist, amenity",2018-11-01,72247,HR
Michelle Sullivan,1977-08-29,"0577 Chase Spring, Smithland, ME 33174, X9Z 8L8",heatherpeterson@hotmail.com,(612)262-1271x564,Counselling psychologist,2024-04-17,112206,HR
Jason Young,1987-12-07,"USCGC Hoffman, FPO AP 11757, I0K 0X4",tclarke@tucker-white.com,6235562021,Mudlogger,2017-03-18,136652,Finance
Nicole Marshall,1994-06-30,"709 Delacruz Throughway, North Jenniferfurt, MT 24690, Z4W 6T1",austinbenjamin@hotmail.com,270-565-5328x709,"Designer, textile",2016-12-12,135292,Finance
Megan Jackson,1972-02-14,"924 Morales Fort, North Jordan, DC 99509, U1O 7X4",johnsonjacqueline@hotmail.com,(497)660-0556,Broadcast presenter,2019-09-27,86506,IT
Timothy Patterson,2001-09-12,"527 Joshua Harbor Suite 418, New Michelle, DC 72053, L5C 4Y5",samanthagarner@wiggins-farley.com,495-621-4110x742,Manufacturing systems engineer,2016-09-02,52965,HR
Steven Miller,1978-12-02,"907 Schultz Mountains, Dylanfort, IL 25749, L5K 6L8",douglas23@salinas.com,(642)662-4901x0448,Theatre director,2020-09-09,122162,HR
Angelica Lewis,2001-10-03,"6878 Stacey Plains Apt. 453, East Christinahaven, TN 29309, P3Z 3F6",brandi44@cherry.com,(981)874-1943x250,Physiotherapist,2019-07-05,69999,Finance
Troy Le,1980-10-18,"433 Rebekah Center, Alexanderberg, IN 34748, P9H 3S2",hilljustin@yahoo.com,(255)021-8312x453,Sales promotion account executive,2019-11-18,50686,IT
Dr. Christopher Baker,1980-07-04,"5896 Joshua Cove Apt. 674, Port Jacob, OR 85317, A9P 8K9",davisjesse@norris.biz,3151354690,Special effects artist,2019-08-07,116934,Operations
Lindsey Martinez,1994-04-13,"7970 Leblanc Lights, Duncanmouth, RI 95253, J5O 0X0",lrocha@hotmail.com,369.005.0518,Private music teacher,2016-07-14,75268,Operations
Timothy Patterson,2001-09-12,"Unit 4657 Box 2482, DPO AA 31868, F2R 1A2",nicholas72@anderson.com,024-672-3821,Legal executive,2017-05-26,128443,Finance
Zachary Warren,1994-04-17,"929 Mckinney Forks, West Theresashire, WA 01645, H5V 7B1",trevinosteven@rojas.info,555.589.5304x97450,Firefighter,2018-08-25,58162,Finance
John Walker,1986-09-09,"588 James Mill Apt. 978, East Robertside, KY 32982, J6P 8M7",timothystephens@gmail.com,731-588-6705x94219,Geophysicist/field seismologist,2023-11-10,80001,IT
Elizabeth Little,1998-10-29,"774 Joy Locks, Danielmouth, AZ 31168, L2O 4V2",jamesmanning@hotmail.com,961-860-5945x331,Oncologist,2019-12-26,85305,Finance
Erika Johnson,2002-08-11,"4194 Barnett Mountain, Johnhaven, OR 17078, C3Z 9O7",smitherin@hotmail.com,(217)480-7572x07635,"Runner, broadcasting/film/video",2017-12-19,137657,IT
Tyler Williams,1997-04-11,"USNV Barnett, FPO AA 48872, X4D 3B1",castroallison@hotmail.com,012.297.5968x8304,Secretary/administrator,2017-02-08,70564,HR
Antonio Kerr MD,1971-09-16,"16933 Garza Ports Suite 936, Port Richardside, MO 44531, V0B 9Y7",katelyn75@hotmail.com,702.954.4787x920,Oncologist,2022-01-01,100006,Marketing
George Rodriguez,1992-12-20,"Unit 4747 Box 8019, DPO AP 74618, F4U 5Z9",garciaangela@yahoo.com,396-538-4726,Retail merchandiser,2021-02-17,132701,Finance
Derrick Jennings,1992-02-10,"7317 Archer Fields, Lake Kevin, DE 28780, F2T 4C0",nathan25@bates.com,697-485-5435x20698,Publishing rights manager,2022-03-19,50496,Marketing
Joseph Daniels,1985-01-15,"203 Hutchinson Ville Apt. 687, Webbstad, VT 86249, L1M 7V4",vbutler@hotmail.com,706-740-4374x57273,"Editor, magazine features",2023-04-20,57250,HR
John Wheeler,1992-07-30,"7144 Amanda Cliffs, East Peterton, NY 11551, E3S 6L6",barbara03@lee.org,860 563 5296,Publishing copy,2018-05-02,55872,Operations
Crystal Perry,1997-11-05,"3870 Samantha Cliffs Suite 100, Pagetown, NE 82300, O0U 2X9",shelia50@reed-ayers.biz,152-263-8262x0294,"Geneticist, molecular",2016-12-04,93126,Operations
Tyler Williams,1997-04-11,"5496 Shepherd Turnpike Suite 402, Beckport, MN 62062, U0C 0S9",vreynolds@aguilar-bryant.com,297-037-6478x5486,"Programmer, multimedia",2019-03-05,70027,Finance
Elizabeth Ross,1998-08-31,"2087 Bernard Ville Apt. 590, South Sandraville, MI 78622, S1H 9T3",rachel96@hotmail.com,6181086857,"Designer, television/film set",2022-10-20,68820,HR
Janet Serrano,1986-10-10,"2112 Wang Forge, Port Reginaldfurt, ME 57855, G5C 9B3",erikrichardson@gmail.com,472-691-0002x60658,Warden/ranger,2023-09-24,74425,HR
Alexandria Simmons,1997-04-06,"4297 Greer Falls, New Tamara, AK 78110, Z5K 7A2",jason94@gmail.com,775-750-8297x9437,Chief Marketing Officer,2015-12-28,113804,Finance
Cynthia Grant,1980-10-16,"65634 Jeffrey Lodge, Andrewborough, DE 28455, H2L 2P9",daykelly@gmail.com,(956)239-3172,Insurance underwriter,2019-12-08,132469,IT
Tara Watson,1987-10-31,"45859 Matthew Summit Apt. 207, Martinezborough, CT 11353, Q1Q 2S1",robin88@harrison.org,998-291-2534x1430,Actuary,2021-04-02,64268,Marketing
Kathryn Owens,1977-01-27,"07379 Omar Locks, North Christopher, OH 27829, L7R 3W9",rowlandkrista@yahoo.com,916-027-5516,Technical brewer,2021-05-26,64902,Finance
Michael Davis,1998-08-01,"481 Johns Land Suite 202, West Shaneton, SC 76470, K0M 3X7",jeffreywhite@hotmail.com,261-446-5536,"Programme researcher, broadcasting/film/video",2017-12-05,98033,Finance
Danielle Carney,1999-02-09,"309 Morton Lights Suite 113, Hahnview, NH 26003, J3P 2Y4",maciasanne@miller.com,9198046537,Customer service manager,2019-05-03,54113,Operations
Shawna Caldwell,1969-12-29,"Unit 9572 Box 5654, DPO AE 12732, J0E 7J8",garciamichael@hotmail.com,383.931.2505x404,Medical sales representative,2015-04-18,95156,Marketing
Jessica Lopez,1996-08-04,"1531 Melissa Unions Apt. 087, West Michellefort, AZ 87652, M3Q 6K6",cummingsjoyce@hotmail.com,590.217.0145x946,"Therapist, speech and language",2017-04-20,69993,Marketing
Glenn Mosley,1966-06-06,"8028 Mckenzie Orchard, New Jessicafort, WY 13405, F1U 5V6",wrobinson@campbell.net,(504)285-3468,Armed forces training and education officer,2019-03-07,122262,HR
Brianna Carter,1992-12-06,"519 Susan Locks Apt. 258, New Christinafurt, KS 82899, K8T 7F9",barbermichael@marshall.com,5687995990,"Scientist, water quality",2021-03-05,90404,HR
Jason Young,1987-12-07,"3437 Rodgers Island, Lake Denise, KY 90577, S1A 6T4",nking@yahoo.com,845-760-2501x78722,Research scientist (life sciences),2019-06-17,99875,Operations
Angelica Lewis,2001-10-03,"1302 Rodriguez Summit Suite 994, New Brianhaven, IN 81473, H5V 2R2",dennisstephens@villanueva.org,247.550.9512x7012,Graphic designer,2020-01-29,134960,Marketing
John Ibarra MD,1966-11-14,"0053 Andrew Ville Apt. 147, New Dustin, DC 17189, B1S 0F1",petersonjulie@hotmail.com,(609)557-8020,Logistics and distribution manager,2021-01-05,132586,HR
Steven Miller,1978-12-02,"697 Kenneth Stravenue, South Jason, MO 11660, L4Q 1Y7",rdavis@yahoo.com,841-727-4933,Legal secretary,2021-11-07,91387,HR
Michael Miller,1991-09-09,"29553 Nunez Courts Apt. 841, Lopezmouth, NM 24410, O5A 8Y6",shawna63@williams.com,581.384.5805,"Nurse, adult",2022-10-28,53754,Operations
Katrina Harris,1990-05-13,"207 Susan Stravenue, North Ronaldland, IA 86077, C7D 5J3",richardsonjennifer@fletcher.biz,534-333-7761,Retail buyer,2018-07-01,116873,IT
Laura Miller,1995-06-14,"USNS Torres, FPO AP 47669, I8Y 8N0",yclark@gmail.com,079-487-7496,Retail buyer,2024-08-04,90196,Finance
Andrea Hill,1978-12-17,"54708 Sharon Ports, North Michael, CT 02851, Y4U 6O2",bowmanjohn@gmail.com,452-632-8036,Press photographer,2014-09-11,96750,IT
Ms. Elizabeth Bradley PhD,1969-08-18,"5308 Roger Islands, Walkermouth, WV 16724, F1X 0F8",brewervictoria@yahoo.com,207.746.7401,Information systems manager,2014-12-04,95558,Marketing
Susan Jones,1980-11-22,"450 Edward Point, Houseport, SC 57297, D4Y 1R3",amandawhite@williams.info,939-080-8283x7956,Warden/ranger,2018-04-10,53031,Operations
Wendy Avila DVM,1996-04-13,"Unit 7791 Box 7145, DPO AE 90800, V9P 3A0",phyllismack@gmail.com,929.347.0222x34698,Mining engineer,2022-10-04,82955,Marketing
Scott Irwin,1996-06-30,"124 Ellis Field Apt. 306, Perryburgh, VA 92346, E6E 0G6",englishallison@soto.net,412-116-3048x1523,Public relations account executive,2016-10-25,112336,HR
Kathryn Kennedy,1991-03-16,"8152 Mitchell Summit, Mcgeeshire, SD 85962, U6I 5I4",suarezaustin@lopez.com,791.190.9952x910,"Surveyor, land/geomatics",2022-03-23,65811,Operations
Christopher Campbell,1981-09-01,"6541 Rivera Road, New Amberstad, KS 46922, X9L 6A4",alexander55@wade.net,6074874747,"Engineer, production",2019-06-22,133780,Finance
Matthew Snow,1987-08-16,"374 Evan View Apt. 368, North Paulamouth, AK 81541, N5T 1Q6",christinapoole@gmail.com,398.895.4957,Engineering geologist,2018-10-28,52405,IT
Bethany Parrish,1977-04-30,"06529 Kara Brooks, West Brian, KY 75051, R5M 1P7",christine33@yahoo.com,626-212-6621x8567,"Research officer, government",2017-12-26,135863,IT
Lisa Gonzalez,1967-03-27,"240 Jason Extensions, South Ashleyfurt, NY 27049, I2K 5Q4",pboyle@hotmail.com,278-522-0129x572,"Merchandiser, retail",2023-04-15,94658,Finance
Laurie Martinez,1996-07-15,"PSC 1057, Box 5029, APO AE 96509, G4P 0U7",victoriarichard@hernandez-horton.net,854123 4568,"Surveyor, commercial/residential",2015-01-28,122048,IT
Kevin Mckay,1978-02-26,"3026 Mullen Throughway Suite 859, Lake Kennethshire, TN 29608, E9P 1O4",wyattandrew@yahoo.com,(151)085-7646x136,Insurance claims handler,2019-08-15,50399,IT
Melissa Rodriguez,1980-09-23,"326 Sandra Points, Stevenside, CT 68748, L9L 3W6",iwilliams@yahoo.com,686-797-0695x7226,Mining engineer,2024-05-11,134089,Finance
Karen Obrien,1973-04-16,"63535 Jennifer Forest Suite 910, Lake Nicholasmouth, CT 96657, R7P 8G9",egarcia@burns.com,001-023-842-0579x899,Automotive engineer,2021-07-22,117930,Operations
Emily Lane,1966-05-04,"59804 John Square Apt. 639, New Sylvia, WV 25156, M8J 7M8",aortega@jackson.com,031-755-7718x76457,Landscape architect,2018-12-26,90846,Finance
Stephen Mosley,2000-10-18,"USCGC Ross, FPO AP 05049, Y3G 5Q7",jasmine37@ortega-chaney.com,3959670378,Solicitor,2019-07-08,83659,IT
Grant Robinson,1991-02-08,"4291 Misty Bridge Apt. 614, Castillomouth, WA 54385, K7Z 8D1",jennifer43@gonzales-johnson.com,(767)752-1218,"Designer, textile",2016-09-19,120522,Marketing
Cory Snyder,1985-01-20,"5039 Mcknight Parks, Moralesport, MN 34936, Z0J 6H1",mmartinez@gmail.com,(846)052-9940,Advertising art director,2022-03-12,136139,Operations
Ashley Clarke,1967-09-07,"04930 Jeffrey Haven Suite 505, New Victoriastad, NJ 93901, K8K 4J4",herrerajulie@gmail.com,367-818-5242x3139,"Doctor, hospital",2019-04-21,106009,Marketing
Shelley Adams,1988-12-07,"Unit 1675 Box 9977, DPO AE 88800, Z0V 4O4",sandramiller@young.info,(925)312-2662x811,Theatre manager,2017-02-11,73889,Finance
Heather Thompson,1985-06-03,"PSC 9545, Box 8159, APO AE 78947, S1S 5S3",rstewart@mccoy-walker.net,5019535827,Travel agency manager,2023-03-20,97890,Finance
Lisa Reed,1974-03-04,"PSC 3617, Box 4121, APO AP 70253, N7A 2F2",kendra81@hotmail.com,794-048-4959,Medical sales representative,2015-04-13,75548,HR
Desiree Howard,1973-10-29,"59536 Vargas Island, Timothymouth, ND 81689, N6P 8D8",lkaufman@coleman.com,8614112311,Lexicographer,2015-11-25,135011,HR
Steven Miller,1978-12-02,"Unit 4424 Box 9664, DPO AP 85647, I2K 3M7",julie31@yahoo.com,+1-963-733-9426x9205,Risk analyst,2017-10-18,65640,Operations
Jason Young,1987-12-07,"8918 Medina Pass Suite 062, Haydenton, MI 32173, D2G 9G8",erika03@yahoo.com,963-852-6741x4794,Learning disability nurse,2022-11-04,120029,IT
Tina Jenkins MD,1987-12-20,"USNS Krause, FPO AP 22008, P6N 5Q8",carolbaird@yahoo.com,974-372-7577,Multimedia specialist,2020-10-30,139230,HR
Abigail Chapman,1970-08-31,"4651 West Tunnel, Rebeccaside, ME 97533, P8L 2T6",joyce32@fox.org,037-605-7724x6814,Speech and language therapist,2019-07-24,99548,HR
Kristen Collier,1975-02-02,"13747 Marquez Loaf, South Carmen, VA 50284, X0T 2G5",sullivanpatricia@glover.com,359-010-7239,"Engineer, control and instrumentation",2019-09-23,50151,IT
Cindy Gordon,1976-03-04,"65076 Ryan Points Suite 730, Valerietown, MA 39840, T4X 6T8",simpsonnicole@yahoo.com,729-105-5248x25910,Research scientist (maths),2018-11-10,100532,HR
John Hicks,1978-12-26,"131 Reese Tunnel Suite 158, Brandonberg, GA 55729, W1W 6I6",ronnie75@smith.com,905-274-8441x25601,Financial adviser,2016-06-18,69359,Finance
William Summers,1988-03-18,"236 Daniel Islands Suite 733, Frazierfurt, DC 35818, D8G 5K4",tmartinez@yahoo.com,(170)939-9811x22641,Telecommunications researcher,2017-07-20,52051,Operations
Erica Duncan,1969-02-09,"17320 Kelley Junctions, West Krystalmouth, WA 32566, A0L 6X1",marybranch@hotmail.com,413-442-6855x43850,Fitness centre manager,2017-03-16,65250,Finance
Monica Ware,1998-09-30,"059 Erik Station, West Tinabury, KY 14092, W1W 2Q0",dawn29@rice.com,368.011.4546x9842,"Designer, interior/spatial",2019-08-23,132510,HR
Jeffrey Thomas,1984-07-03,"PSC 9070, Box 0183, APO AP 62385, L2T 2Q9",elong@hotmail.com,008.898.5149x01588,"Teacher, primary school",2020-02-12,133255,IT
Benjamin Porter,1997-01-12,"564 Christina Highway Suite 550, North Brianville, AZ 53344, J9P 9C6",annavazquez@snow-moore.com,033-543-0597x5402,Multimedia specialist,2021-01-19,94691,IT
Elizabeth Ross,1998-08-31,"282 Patrick Mountains, Lake Jasmine, IN 11924, O8K 0Z4",nelsontracy@murphy.biz,755-143-2021x56131,Clinical molecular geneticist,2023-08-01,135501,Operations
Jamie Wyatt,1982-10-16,"218 John Brook Suite 395, West Belinda, CO 04356, T8X 4G7",devinjenkins@yahoo.com,618-929-6204,Heritage manager,2017-01-17,123015,Marketing
Parker Gutierrez,1968-06-30,"8150 Jones Streets, West Amberside, MS 93971, V7Q 5U3",omartin@aguilar.org,259-794-7099x21953,Company secretary,2018-07-22,111612,Operations
Thomas Johnson,1984-10-06,"49748 Carter Flats, Karenborough, WI 23040, H3I 5I3",kramerstephen@gmail.com,514 563 8541,Hospital pharmacist,2019-03-07,131146,Operations
Steven Miller,1978-12-02,"Unit 0543 Box 2522, DPO AP 46689, W5N 4Q2",dana46@robinson.org,603.283.3696x534,Accounting technician,2018-11-09,115701,Marketing
Michael Webb,1971-07-14,"6476 Nicole Fords Apt. 803, Johnsonfort, UT 29627, W6I 2R1",barbararush@gmail.com,949-877-2272,Toxicologist,2018-07-04,137069,Operations
Justin Adkins,1975-06-13,"PSC 0189, Box 8331, APO AA 78353, E6Q 6J4",aperry@hotmail.com,438.207.4339x01085,"Surveyor, building",2018-07-03,136499,Operations
Stephanie Carlson,1991-08-23,"30804 Nancy Spurs Suite 191, Taylorville, MS 74665, L9I 5S3",william21@downs.org,372-840-3432x29815,"Engineer, communications",2016-05-09,107176,Operations
James Best,1982-10-19,"75575 Shaun Lights, New Marisaton, ND 68338, F8U 5Q6",chavezdavid@gibbs.com,(408)496-7342x65987,Museum/gallery exhibitions officer,2023-08-01,60931,Finance
Peter Miller,1982-10-06,"2436 Carroll Islands, West Aliciaberg, IA 03704, K0Y 9K3",xjohnson@yahoo.com,514-424-1191x444,Research scientist (medical),2015-03-08,100554,Operations
Thomas Spears,1993-05-26,"6996 Jackson Drive Suite 857, New Sherryville, UT 73065, T1E 6W5",chelsea16@yahoo.com,468-901-8136x4742,Graphic designer,2015-10-12,131928,Marketing
Cathy Oconnell,1981-10-02,"36430 Jeremy Skyway, Colleenmouth, WV 65511, Y5R 0Y7",michael86@gmail.com,(720)943-5984,Pathologist,2023-08-21,75790,Finance
Brittany Snow,1972-06-26,"5649 Adam Course Apt. 081, Davidfurt, PA 31972, W8A 8M0",courtney48@garcia.com,(373)596-9164,Magazine features editor,2020-01-11,104781,Operations
Emily Bright,1964-06-22,"3826 Jonathan Flat Suite 314, Lake Matthewton, HI 83485, I5P 2D2",brandonwest@smith-west.net,313-688-8352x07723,Chief Marketing Officer,2020-04-26,103092,Marketing
Robert Smith,1983-04-19,"86481 Little Course Suite 368, Williamsshire, FL 98269, D2C 1Z3",hgonzalez@cordova-gregory.com,047-695-3554x48377,Sports development officer,2020-02-01,132898,HR
Robert Cain,1984-08-25,"7852 Reeves Ridges, Robertview, NC 69327, P4Q 9O5",martinsandra@young.org,594-875-8903x156,Airline pilot,2023-12-09,92033,HR
Jeffery Cruz,2002-06-26,"4496 Smith Avenue, West Theodore, TX 50419, D7J 3O5",wjohnson@turner.com,212-557-1919,"Engineer, energy",2017-03-22,99370,IT
Christopher West,1992-05-30,"980 Clarence Valleys Apt. 785, Gregoryville, DC 07283, M6O 2C0",antonio53@garcia.info,(439)225-3286,"Editor, film/video",2016-03-02,114864,Finance
Ann Warren,1980-12-23,"25766 Bryan Terrace Suite 329, Tracybury, DC 04154, W4J 8K5",hatkinson@hotmail.com,(736)350-1879x836,Scientific laboratory technician,2021-10-23,122263,Marketing
Christopher West,1992-05-30,"901 Stephanie Ford, South Nancy, VT 66115, Z5W 2N4",vkaufman@webb-reyes.com,633-324-4496x36906,Fashion designer,2014-08-30,98340,Operations
Christopher West,1992-05-30,"376 Greene Garden, Josephfort, KY 84235, T1P 1R6",david47@hotmail.com,(097)592-2160x00714,Magazine features editor,2023-07-05,57452,IT
Ashley Cunningham,1998-06-13,"289 Jackson Views, South Pamela, VA 75567, L5S 3X6",john89@gmail.com,(022)008-1102,English as a second language teacher,2022-09-08,80450,Finance
